,AddedDate,BreachDate,DataClasses,Description,Domain,IsActive,IsRetired,IsSensitive,IsVerified,LogoType,Name,PwnCount,Title
0,2015-10-26T23:35:45Z,2015-03-01,"[Email addresses, IP addresses, Names, Passwords]","In approximately March 2015, the free web hosting provider <a href=""http://www.troyhunt.com/2015/10/breaches-traders-plain-text-passwords.html"" target=""_blank"">000webhost suffered a major data breach</a> that exposed over 13 million customer records. The data was sold and traded before 000webhost was alerted in October. The breach included names, email addresses and plain text passwords.",000webhost.com,True,False,False,True,png,000webhost,13545468,000webhost
1,2016-03-06T11:07:41Z,2014-11-25,"[Dates of birth, Email addresses, IP addresses, Passwords, Usernames]","In November 2014, the acne website <a href=""http://www.acne.org/"" target=""_blank"">acne.org</a> suffered a data breach that exposed over 430k forum members' accounts. The data was being actively traded on underground forums and included email addresses, birth dates and passwords.",acne.org,True,False,False,True,svg,AcneOrg,432943,Acne.org
2,2013-12-04T00:00:00Z,2013-10-04,"[Email addresses, Password hints, Passwords, Usernames]","The big one. In October 2013, 153 million Adobe accounts were breached with each containing an internal ID, username, email, <em>encrypted</em> password and a password hint in plain text. The password cryptography was poorly done and <a href=""http://stricture-group.com/files/adobe-top100.txt"" target=""_blank"">many were quickly resolved back to plain text</a>. The unencrypted hints also <a href=""http://www.troyhunt.com/2013/11/adobe-credentials-and-serious.html"" target=""_blank"">disclosed much about the passwords</a> adding further to the risk that hundreds of millions of Adobe customers already faced.",adobe.com,True,False,False,True,svg,Adobe,152445165,Adobe
3,2015-05-22T06:03:44Z,2015-05-21,"[Dates of birth, Email addresses, Genders, Geographic locations, IP addresses, Races, Relationship statuses, Sexual preferences, Spoken languages, Usernames]","In May 2015, the adult hookup site <a href=""http://www.bbc.com/news/business-32839196"" target=""_blank"">Adult Friend Finder was hacked</a> and nearly 4 million records dumped publicly. The data dump included extremely sensitive personal information about individuals and their relationship statuses and sexual preferences combined with personally identifiable information.",adultfriendfinder.com,True,False,True,True,png,AdultFriendFinder,3867997,Adult Friend Finder
4,2014-11-06T21:47:52Z,2013-05-30,"[Email addresses, Genders, Geographic locations, IP addresses, Passwords, Usernames, Website activity, Years of birth]","In May 2013, the torrent site <a href=""http://www.ahashare.com"">AhaShare.com</a> suffered a breach which resulted in more than 180k user accounts being published publicly. The breach included a raft of personal information on registered users plus despite assertions of not distributing personally identifiable information, the site also leaked the IP addresses used by the registered identities.",ahashare.com,True,False,False,True,svg,AhaShare,180468,AhaShare.com
5,2015-12-20T06:47:19Z,2011-10-30,"[Dates of birth, Email addresses, Homepage URLs, Instant messenger identities, IP addresses, Passwords]","In October 2011, the Android Forums website <a href=""http://www.pcworld.com/article/259201/online_android_forum_hacked_user_data_accessed.html"" target=""_blank"">was hacked<a/> and 745k user accounts were subsequently leaked publicly. The compromised data included email addresses, user birth dates and passwords stored as a salted MD5 hash.",androidforums.com,True,False,False,True,png,AndroidForums,745355,Android Forums
6,2015-08-18T20:55:05Z,2015-07-19,"[Dates of birth, Email addresses, Ethnicities, Genders, Home addresses, Names, Passwords, Payment histories, Phone numbers, Security questions and answers, Sexual preferences, Usernames, Website activity]","In July 2015, the infidelity website Ashley Madison <a href=""http://krebsonsecurity.com/2015/07/online-cheating-site-ashleymadison-hacked/"" target=""_blank"">suffered a serious data breach</a>. The attackers threatened Ashley Madison with the full disclosure of the breach unless the service was shut down. One month later, the database was dumped including more than 30M unique email addresses. This breach has been classed as &quot;sensitive&quot; and is not publicly searchable, although individuals may discover if they've been impacted by <a href=""https://haveibeenpwned.com/NotifyMe"">registering for notifications</a>. <a href=""http://www.troyhunt.com/2015/07/heres-how-im-going-to-handle-ashley.html"" target=""_blank"">Read about this approach in detail</a>.",ashleymadison.com,True,False,True,True,svg,AshleyMadison,30811934,Ashley Madison
7,2014-07-06T03:49:45Z,2013-12-19,"[Email addresses, Instant messenger identities, IP addresses, Names, Passwords, Private messages, Usernames, Website activity]","In December 2013, the vBulletin forum for the social engineering site known as ""AstroPID"" was breached and <a href=""https://www.sinister.ly/Thread-40-Compromised-databases"" target=""_blank"">leaked publicly</a>. The site provided tips on fraudulently obtaining goods and services, often by providing a legitimate ""PID"" or Product Information Description. The breach resulted in nearly 6k user accounts and over 220k private messages between forum members being exposed.",astropid.com,True,False,False,True,svg,AstroPID,5788,Astropid
8,2016-03-12T22:08:58Z,2014-05-26,"[Email addresses, Passwords, Usernames]","In May 2014, <a href=""https://www.grahamcluley.com/2014/05/avast-forum-hacked/"" target=""_blank"">the Avast anti-virus forum was hacked</a> and 423k member records were exposed. The Simple Machines Based forum included usernames, emails and password hashes.",avast.com,True,False,False,True,svg,Avast,422959,Avast
9,2014-01-23T13:10:29Z,2011-06-26,"[Passwords, Usernames]","In June 2011 as part of a final breached data dump, the hacker collective &quot;LulzSec&quot; <a href=""http://www.rockpapershotgun.com/2011/06/26/lulzsec-over-release-battlefield-heroes-data"" target=""_blank"">obtained and released over half a million usernames and passwords from the game Battlefield Heroes</a>. The passwords were stored as MD5 hashes with no salt and many were easily converted back to their plain text versions.",battlefieldheroes.com,True,False,False,True,svg,BattlefieldHeroes,530270,Battlefield Heroes
10,2016-04-25T10:05:34Z,2015-11-11,"[Beauty ratings, Car ownership statuses, Dates of birth, Drinking habits, Education levels, Email addresses, Genders, Geographic locations, Home ownership statuses, Income levels, IP addresses, Job titles, Names, Passwords, Personal descriptions, Personal interests, Physical attributes, Sexual preferences, Smoking habits, Website activity]","In November 2015, the dating website <a href=""http://www.forbes.com/sites/thomasbrewster/2016/04/25/beautiful-people-hack-sexual-preference-location-addresses/#26a2cdf7559f"" target=""_blank"">Beautiful People was hacked</a> and over 1.1M accounts were leaked. The data was being traded in underground circles and included a huge amount of personal information related to dating.",beautifulpeople.com,True,False,True,True,png,BeautifulPeople,1100089,Beautiful People
11,2014-02-01T23:57:10Z,2014-02-01,"[Credit cards, Genders, Passwords, Usernames]","In February 2014, <a href=""http://news.softpedia.com/news/Hackers-Claim-to-Have-Breached-Bell-Canada-s-Systems-422952.shtml?utm_medium=twitter&utm_source=FredToadster"" target=""_blank"">Bell Canada suffered a data breach via the hacker collective known as NullCrew</a>. The breach included data from multiple locations within Bell and exposed email addresses, usernames, user preferences and a number of unencrypted passwords and credit card data from 40,000 records containing just over 20,000 unique email addresses and usernames.",bell.ca,True,False,False,True,svg,Bell,20902,Bell
12,2014-04-08T05:44:10Z,2014-04-03,"[Career levels, Education levels, Email addresses, Home addresses, Names, Passwords, Phone numbers, Salutations, User website URLs, Website activity]","In April 2014, the job site <a href=""http://www.bigmoneyjobs.com"">bigmoneyjobs.com</a> was <a href=""https://twitter.com/ProbablyOnion2/status/451477310319779841"" target=""_blank"">hacked by an attacker known as &quot;ProbablyOnion&quot;</a>. The attack resulted in the <a href=""http://news.softpedia.com/news/BigMoneyJobs-Hacked-Details-of-36-000-Users-Leaked-Online-436250.shtml?utm_source=twitterfeed&utm_medium=twitter&utm_campaign=information_security"" target=""_blank"">exposure of over 36,000 user accounts</a> including email addresses, usernames and passwords which were stored in plain text. The attack was allegedly mounted by exploiting a SQL injection vulnerability.",bigmoneyjobs.com,True,False,False,True,svg,BigMoneyJobs,36789,BigMoneyJobs
13,2014-09-10T20:30:11Z,2014-01-09,"[Email addresses, Passwords]","In September 2014, a large dump of nearly 5M usernames and passwords was <a href=""https://forum.btcsec.com/index.php?/topic/9426-gmail-meniai-parol/"" target=""_blank"">posted to a Russian Bitcoin forum</a>. Whilst commonly reported as 5M &quot;Gmail passwords&quot;, the dump also contained 123k yandex.ru addresses. Whilst the origin of the breach remains unclear, the breached credentials were <a href=""http://web.archive.org/web/20140910190920/http://www.reddit.com/r/netsec/comments/2fz13q/5_millions_of_gmail_passwords_leaked_rus_most/"" target=""_blank"">confirmed by multiple source as correct</a>, albeit a number of years old.",forum.btcsec.com,True,False,False,True,svg,BTSec,4789599,Bitcoin Security Forum Gmail Dump
14,2015-11-03T22:20:17Z,2014-06-23,"[Dates of birth, Email addresses, Instant messenger identities, IP addresses, Passwords, Usernames, Website activity]","In June 2014, the search engine optimisation forum <a href=""http://www.blackhatworld.com"" target=""_blank"">Black Hat World</a> had three quarters of a million accounts breached from their system. The breach included various personally identifiable attributes which were publicly released in a MySQL database script.",blackhatworld.com,True,False,False,True,png,BlackHatWorld,777387,Black Hat World
15,2014-03-30T13:07:16Z,2014-03-29,"[Dates of birth, Email addresses, Geographic locations, Historical passwords, Instant messenger identities, IP addresses, Passwords, Private messages, User website URLs, Usernames]","In March 2014, the home theatre PC software maker Boxee had their forums compromised in an attack. The attackers obtained the entire vBulletin MySQL database and promptly posted it for download on the Boxee forum itself. The data included 160k users, password histories, private messages and a variety of other data exposed across nearly 200 publicly exposed tables.",forums.boxee.com,True,False,False,True,svg,Boxee,158093,Boxee
16,2014-05-11T04:25:48Z,2014-04-25,"[Email addresses, Names, Passwords, Usernames, Website activity]","In April 2014, the Australian ""Business Acumen Magazine"" website was <a href=""http://1337mir.com/cracked/2014/04/businessacumen-biz-hacked-26000-user-password-leaked/"" target=""_blank"">hacked by an attacker known as 1337MiR</a>. The breach resulted in over 26,000 accounts being exposed including usernames, email addresses and password stored with a weak cryptographic hashing algorithm (MD5 with no salt).",businessacumen.biz,True,False,False,True,svg,BusinessAcumen,26596,Business Acumen Magazine
17,2014-06-01T07:55:24Z,2014-02-05,"[Dates of birth, Email addresses, Geographic locations, Historical passwords, Instant messenger identities, IP addresses, Passwords, Private messages, Usernames, Website activity]","In February 2014, the vBulletin forum for the Marijuana site cannabis.com was breached and <a href=""https://www.google.com/search?q=%22cannabisforum.tar%22"" target=""_blank"">leaked publicly</a>. Whilst there has been no public attribution of the breach, the leaked data included over 227k accounts and nearly 10k private messages between users of the forum.",cannabis.com,True,False,False,True,svg,CannabisForum,227746,Cannabis.com
18,2016-02-08T21:41:43Z,2015-11-08,"[Email addresses, Home addresses, Passwords]","In November 2015, the US internet and cable TV provider Comcast <a href=""http://www.ibtimes.co.uk/comcast-data-breach-590000-customer-passwords-go-sale-dark-web-1528026"" target=""_blank"">suffered a data breach that exposed 590k customer email addresses and plain text passwords</a>. A further 27k accounts appeared with home addresses with the entire data set being sold on underground forums.",comcast.net,True,False,False,True,svg,Comcast,616882,Comcast
19,2016-04-14T02:24:32Z,2016-03-27,"[Biometric data, Dates of birth, Email addresses, Family members' names, Genders, Home addresses, Job titles, Marital statuses, Names, Passport numbers, Phone numbers, Physical attributes]","In March 2016, <a href=""http://www.comelec.gov.ph/"" target=""_blank"">the Philippines Commission of Elections website</a> (COMELEC) was <a href=""http://www.rappler.com/nation/politics/elections/2016/127256-comelec-website-hacked-anonymous-philippines"" target=""_blank"">attacked and defaced</a>, allegedly by Anonymous Philippines. Shortly after, <a href=""http://www.theregister.co.uk/2016/04/07/philippine_voter_data_breach/"" target=""_blank"">data on 55 million Filipino voters was leaked publicly</a> and included sensitive information such as genders, marital statuses, height and weight and biometric fingerprint data. The breach only included 228k email addresses.",comelec.gov.ph,True,False,False,True,png,COMELEC,228605,COMELEC (Philippines Voters)
20,2015-02-03T06:30:05Z,2013-09-09,"[Email addresses, IP addresses, Passwords, Usernames, Website activity]","In late 2013, the <a href=""http://crackcommunity.com"" target=""_blank"">Crack Community</a> forum specialising in cracks for games was compromised and over 19k accounts published online. Built on the MyBB forum platform, the compromised data included email addresses, IP addresses and salted MD5 passwords.",crackcommunity.com,True,False,False,True,png,CrackCommunity,19210,Crack Community
21,2015-01-04T03:03:34Z,2014-06-13,"[Email addresses, Home addresses, Names, Passwords, Phone numbers]","In June 2014, <a href=""http://www.welivesecurity.com/2014/06/16/dominos-pizza-hacked/"" target=""_blank"">Domino's Pizza in France and Belgium was hacked</a> by a group going by the name &quot;Rex Mundi&quot; and their customer data held to ransom. Domino's refused to pay the ransom and six months later, the attackers <a href=""http://cyberintelligence.in/rex-mundi-hackers-leaked-data-dominos-accord-easypay/"" target=""_blank"">released the data</a> along with troves of other hacked accounts. Amongst the customer data was passwords stored with a weak MD5 hashing algorithm and no salt.",pizza.dominos.be,True,False,False,True,svg,Dominos,648231,Domino's
22,2016-03-12T10:59:56Z,2013-04-02,"[Dates of birth, Email addresses, IP addresses, Passwords, Usernames, Website activity]","In April 2013, the interactive video game <a href=""https://www.ddo.com"" target=""_blank"">Dungeons &amp; Dragons Online</a> suffered a data breach that exposed almost 1.6M players' accounts. The data was being actively traded on underground forums and included email addresses, birth dates and password hashes.",ddo.com,True,False,False,True,png,DDO,1580933,Dungeons & Dragons Online
23,2015-10-31T12:43:58Z,2015-09-18,"[Email addresses, Passwords, Usernames, Website activity]","In September 2015, <a href=""http://ffshrine.org"" target=""_blank"">the Final Fantasy discussion forum known as FFShrine</a> was breached and the data dumped publicly. Approximately 620k records were released containing email addresses, IP addresses and salted hashes of passwords.",ffshrine.org,True,False,False,True,png,FFShrine,620677,Final Fantasy Shrine
24,2015-02-12T05:42:12Z,2015-02-11,"[Email addresses, Government issued IDs, Home addresses]","In February 2015, <a href=""http://www.flashback.se/"" target=""_blank"">the Swedish forum known as Flashback</a> had sensitive internal data on 40k members published via the tabloid newspaper <a href=""http://www.aftonbladet.se/"" target=""_blank"">Aftonbladet</a>. The data was <a href=""http://swedishsurveyor.com/2015/02/11/the-inquisition/"">allegedly sold to them via Researchgruppen</a> (The Research Group) <a href=""http://www.technologyreview.com/photoessay/533426/the-troll-hunters/"" target=""_blank"">who have a history of exposing otherwise anonymous users</a>, primarily those who they believe participate in &quot;troll like&quot; behaviour. The compromised data includes social security numbers, home and email addresses.",flashback.se,True,False,False,True,svg,Flashback,40256,Flashback
25,2014-02-15T11:24:42Z,2014-02-15,"[Email addresses, Passwords, User website URLs, Usernames]","In February 2014, the Forbes website <a href=""http://news.cnet.com/8301-1009_3-57618945-83/syrian-electronic-army-hacks-forbes-steals-user-data"" target=""_blank"">succumbed to an attack that leaked over 1 million user accounts</a>. The attack was attributed to the Syrian Electronic Army, allegedly as retribution for a perceived ""Hate of Syria"". The attack not only leaked user credentials, but also resulted in the posting of fake news stories to forbes.com.",forbes.com,True,False,False,True,svg,Forbes,1057819,Forbes
26,2015-11-22T01:05:05Z,2008-04-04,"[Account balances, Dates of birth, Email addresses, Genders, Home addresses, Names, Passwords, Phone numbers, User agent details, Usernames, Website activity]","In April 2007, the online gambling site <a href=""https://www.foxybingo.com"" target=""_blank"">Foxy Bingo</a> was hacked and 252,000 accounts were obtained by the hackers. The breached records <a href=""http://www.itpro.co.uk/637279/gambler-busted-flogging-stolen-data-to-gaming-firms"" target=""_blank"">were subsequently sold and traded</a> and included personal information data such as plain text passwords, birth dates and home addresses.",foxybingo.com,True,False,False,True,png,FoxyBingo,252216,Foxy Bingo
27,2014-05-06T02:48:35Z,2014-05-02,"[Email addresses, Passwords, Usernames, Website activity]","In May 2014, over 25,000 user accounts were breached from the Asian lesbian, gay, bisexual and transgender website known as ""Fridae"". The attack which was <a href=""https://twitter.com/Survela/status/463327706361659392"" target=""_blank"">announced on Twitter</a> appears to have been <a href=""http://pastebin.com/ipFKjv6z"" target=""_blank"">orchestrated by Deletesec</a> who claim that ""Digital weapons shall annihilate all secrecy within governments and corporations"". The exposed data included password stored in plain text. ",fridae.asia,True,False,False,True,svg,Fridae,35368,Fridae
28,2016-02-05T20:12:26Z,2015-10-23,"[Email addresses, IP addresses, Passwords, Usernames]","In approximately October 2015, the online gaming forum known as <a href=""http://gamerzplanet.net"" target=""_blank"">Gamerzplanet</a> was hacked and more than 1.2M accounts were exposed. The vBulletin forum included IP addresses and passwords stored as salted hashes using a weak implementation enabling many to be rapidly cracked.",gamerzplanet.net,True,False,False,True,png,GamerzPlanet,1217166,Gamerzplanet
29,2016-01-18T16:26:24Z,2012-03-01,"[Email addresses, Passwords]","In March 2012, the German online game publisher Gamigo <a href=""http://www.zdnet.com/article/8-24-million-gamigo-passwords-leaked-after-hack/"" target=""_blank"">was hacked</a> and more than 8 million accounts publicly leaked. The breach included email addresses and passwords stored as weak MD5 hashes with no salt.",gamigo.com,True,False,False,True,png,Gamigo,8243604,Gamigo
30,2013-12-04T00:00:00Z,2010-12-11,"[Email addresses, Passwords, Usernames]","In December 2010, Gawker was attacked by the hacker collective &quot;Gnosis&quot; in retaliation for what was reported to be a feud between Gawker and 4Chan. Information about Gawkers 1.3M users was published along with the data from Gawker's other web presences including Gizmodo and Lifehacker. Due to the prevalence of password reuse, many victims of the breach <a href=""http://www.troyhunt.com/2011/01/why-your-apps-security-design-could.html"" target=""_blank"">then had their Twitter accounts compromised to send Acai berry spam</a>.",gawker.com,True,False,False,True,svg,Gawker,1247574,Gawker
31,2014-05-11T10:30:43Z,2011-06-25,"[Dates of birth, Email addresses, Instant messenger identities, IP addresses, Passwords, Social connections, Spoken languages, Time zones, User website URLs, Usernames, Website activity]","In June 2011, the hacktivist group known as ""LulzSec"" leaked <a href=""http://www.forbes.com/sites/andygreenberg/2011/06/25/lulzsec-says-goodbye-dumping-nato-att-gamer-data/"" target=""_blank"">one final large data breach they titled ""50 days of lulz""</a>. The compromised data came from sources such as AT&T, Battlefield Heroes and the <a href=""http://hackforums.net"" target=""_blank"">hackforums.net website</a>. The leaked Hack Forums data included credentials and personal information of nearly 200,000 registered forum users.",hackforums.net,True,False,False,True,svg,HackForums,191540,hackforums.net
32,2015-07-12T23:52:27Z,2015-07-06,"[Email addresses, Email messages]","In July 2015, the Italian security firm <a href=""http://hackingteam.com"" target=""_blank"">Hacking Team</a> suffered a major data breach that resulted in over 400GB of their data being <a href=""http://www.techtimes.com/articles/68204/20150711/hacking-team-hacked-400gb-data-dump-state-surveillance-exposes-dirty.htm"" target=""_blank"">posted online via a torrent</a>. The data searchable on &quot;Have I been pwned?&quot; is from 189GB worth of PST mail folders in the dump. The contents of the PST files is <a href=""https://wikileaks.org/hackingteam/emails"" target=""_blank"">searchable on Wikileaks</a>.",hackingteam.com,True,False,False,True,svg,HackingTeam,32310,Hacking Team
33,2015-07-09T09:23:52Z,2015-07-08,"[Email addresses, Home addresses, Names, Passwords, Phone numbers]","In July 2015, the Swedish video store chain <a href=""http://www.hemmakvall.se/"" target=""_blank"">Hemmakväll</a> <a href=""http://www.dn.se/ekonomi/hemmakvall-hackat-50000-kunders-uppgifter-pa-vift/"" target=""_blank"">was hacked</a> and nearly 50k records dumped publicly. The disclosed data included various attributes of their customers including email and physical addresses, names and phone numbers. Passwords were also leaked, stored with a weak MD5 hashing algorithm.",hemmakvall.se,True,False,False,True,png,Hemmakvall,47297,Hemmakväll
34,2014-03-25T07:23:52Z,2011-12-21,"[Email addresses, Genders, Nicknames, Passwords, Usernames, Years of birth]","In December 2011, Norway's largest online sex shop hemmelig.com was <a href=""http://www.dazzlepod.com/hemmelig/?page=93"" target=""_blank"">hacked by a collective calling themselves &quot;Team Appunity&quot;</a>. The attack exposed over 28,000 usernames and email addresses along with nicknames, gender, year of birth and unsalted MD5 password hashes.",hemmelig.com,True,False,False,True,svg,Hemmelig,28641,hemmelig.com
35,2016-01-24T16:27:23Z,2012-12-17,"[Email addresses, Passwords, Usernames]","In December 2012, the multiplayer online battle arena game known as <a href=""http://www.heroesofnewerth.com/"" target=""_blank"">Heroes of Newerth</a> <a href=""https://www.reddit.com/r/HeroesofNewerth/comments/14zj2p/i_am_the_guy_who_hacked_hon/"" target=""_blank""> was hacked</a> and over 8 million accounts extracted from the system. The compromised data included usernames, email addresses and passwords.",heroesofnewerth.com,True,False,False,True,png,HeroesOfNewerth,8089103,Heroes of Newerth
36,2014-07-22T22:56:15Z,2014-07-22,"[Email addresses, Passwords, Usernames, Website activity]","In July 2014, the iOS forum <a href=""http://insanelyi.com"" target=""_blank"">Insanelyi</a> was <a href=""http://securityaffairs.co/wordpress/26835/hacking/hacked-bigboss-cydia.html?utm_content=bufferc7e16"" target=""_blank"">hacked by an attacker known as Kim Jong-Cracks</a>. A popular source of information for users of jailbroken iOS devices running Cydia, the Insanelyi breach disclosed over 104k users' emails addresses, user names and weakly hashed passwords (salted MD5).",insanelyi.com,True,False,False,True,svg,Insanelyi,104097,Insanelyi
37,2016-02-23T10:13:22Z,2015-07-01,"[Dates of birth, Email addresses, Passwords, Usernames]","During 2015, the <a href=""http://ipmart-forum.com"" target=""_blank"">iPmart forum</a> (now known as Mobi NUKE) was hacked and over 2 million forum members' details were exposed. The vBulletin forum included IP addresses, birth dates and passwords stored as salted hashes using a weak implementation enabling many to be rapidly cracked. A further 368k accounts were added to &quot;Have I been pwned&quot; in March 2016 bringing the total to over 2.4M.",ipmart-forum.com,True,False,False,True,png,iPmart,2460787,iPmart
38,2016-03-03T06:12:04Z,2016-02-29,"[Dates of birth, Email addresses, Genders, Geographic locations, Recovery email addresses, Security questions and answers, Usernames]","In February 2016, the Russian portal and email service <a href=""http://km.ru"" target=""_blank"">KM.RU</a> was the target of an attack which was consequently <a href=""https://www.reddit.com/r/pwned/comments/47u1bf/operation_wrath_of_anakin_evolved"" target=""_blank"">detailed on Reddit</a>. Allegedly protesting &quot;the foreign policy of Russia in regards to Ukraine&quot;, KM.RU was one of several Russian sites in the breach and impacted almost 1.5M accounts including sensitive personal information.",km.ru,True,False,False,True,svg,KMRU,1476783,KM.RU
39,2016-04-25T21:51:50Z,2016-01-01,"[Email addresses, Passwords, Usernames]","In January 2016, the Minecraft community known as Lifeboat <a href=""https://motherboard.vice.com/read/another-day-another-hack-7-million-emails-and-hashed-passwords-for-minecraft"" target=""_blank"">was hacked and more than 7 million accounts leaked</a>. Lifeboat knew of the incident for three months before the breach was made public but elected not to advise customers. The leaked data included usernames, email addresses and passwords stored as straight MD5 hashes.",lbsg.net,True,False,False,True,svg,Lifeboat,7089395,Lifeboat
40,2016-05-21T21:35:40Z,2012-05-05,"[Email addresses, Passwords]","In May 2016, <a href=""https://www.troyhunt.com/observations-and-thoughts-on-the-linkedin-data-breach"" target=""_blank"">LinkedIn had 164 million email addresses and passwords exposed</a>. Originally hacked in 2012, the data remained out of sight until being offered for sale on a dark market site 4 years later. The passwords in the breach were stored as SHA1 hashes without salt, the vast majority of which were quickly cracked in the days following the release of the data.",linkedin.com,True,False,False,True,svg,LinkedIn,164611595,LinkedIn
41,2016-02-22T01:28:08Z,2016-02-21,"[Avatars, Dates of birth, Email addresses, Geographic locations, IP addresses, Passwords, Time zones, Website activity]","In February 2016, the website for the Linux distro known as Linux Mint <a href=""http://thehackernews.com/2016/02/linux-mint-hack.html"" target=""_blank"">was hacked and the ISO infected with a backdoor</a>. The site also ran a phpBB forum which was subsequently put up for sale complete with almost 145k email addresses, passwords and other personal subscriber information.",linuxmint.com,True,False,False,True,svg,LinuxMint,144989,Linux Mint
42,2015-01-18T01:24:24Z,2015-01-16,"[Email addresses, Passwords, Usernames]","In January 2015, the hacker collective known as &quot;Lizard Squad&quot; created a DDoS service by the name of &quot;Lizard Stresser&quot; which could be procured to mount attacks against online targets. Shortly thereafter, the service <a href=""https://krebsonsecurity.com/2015/01/another-lizard-arrested-lizard-lair-hacked/"">suffered a data breach</a> which resulted in the public disclosure of over 13k user accounts including passwords stored in plain text.",lizardstresser.su,True,False,False,True,jpg,LizardSquad,13451,Lizard Squad
43,2016-03-12T12:46:03Z,2013-08-01,"[Dates of birth, Email addresses, IP addresses, Passwords, Usernames, Website activity]","In August 2013, the interactive video game <a href=""https://www.lotro.com"" target=""_blank"">Lord of the Rings Online</a> suffered a data breach that exposed over 1.1M players' accounts. The data was being actively traded on underground forums and included email addresses, birth dates and password hashes.",lotro.com,True,False,False,True,png,LOTR,1141278,Lord of the Rings Online
44,2014-07-06T10:22:01Z,2013-08-01,"[Email addresses, IP addresses, Names, Passwords, Private messages, Usernames, Website activity]","At some point in 2013, 45k accounts were <a href=""http://leak.sx/thread-186921"" target=""_blank"">breached from the Lounge Board ""General Discussion Forum"" and then dumped publicly</a>. Lounge Board was a MyBB forum launched in 2012 and discontinued in mid 2013 (the last activity in the logs was from August 2013).",loungeboard.net,True,False,False,True,svg,LoungeBoard,45018,Lounge Board
45,2015-10-31T23:54:26Z,2015-10-31,"[Email addresses, Passwords, Usernames]","In October 2015, the torrent site <a href=""http://www.mac-torrents.com"" target=""_blank"">Mac-Torrents</a> was hacked and almost 94k usernames, email addresses and passwords were leaked. The passwords were hashed with MD5 and no salt.",mac-torrents.com,True,False,False,True,png,Mac-Torrents,93992,Mac-Torrents
46,2014-09-12T04:50:22Z,2014-09-10,"[Email addresses, Passwords]","In September 2014, several large dumps of user accounts appeared on the <a href=""https://forum.btcsec.com/"" target=""_blank"">Russian Bitcoin Security Forum</a> including one with nearly 5M email addresses and passwords, predominantly on the mail.ru domain. Whilst <a href=""http://globalvoicesonline.org/2014/09/10/russia-email-yandex-mailru-passwords-hacking/"" target=""_blank"">unlikely to be the result of a direct attack again mail.ru</a>, the credentials were confirmed by many as legitimate for other services they had subscribed to.",mail.ru,True,False,False,True,svg,MailRu,4821262,mail.ru Dump
47,2016-03-03T02:45:09Z,2015-11-15,"[Email addresses, IP addresses, Passwords, Usernames]","In November 2015, almost 270k accounts from the <a href=""http://www.majorgeeks.com"" target=""_blank"">MajorGeeks</a> support forum were breached. The accounts were being actively sold and traded online and included email addresses, salted password hashes and IP addresses.",majorgeeks.com,True,False,False,True,gif,MajorGeeks,269548,MajorGeeks
48,2016-03-09T11:15:43Z,2014-11-15,"[Dates of birth, Email addresses, IP addresses, Passwords, Usernames, Website activity]","In November 2014, the <a href=""http://www.scmagazine.com/malwarebytes-forum-hacked/article/385187/"" target=""_blank"">Malwarebytes forum was hacked</a> and 111k member records were exposed. The IP.Board forum included email and IP addresses, birth dates and passwords stored as salted hashes using a weak implementation enabling many to be rapidly cracked.",malwarebytes.org,True,False,False,True,png,Malwarebytes,111623,Malwarebytes
49,2014-06-10T03:49:45Z,2014-10-06,"[Email addresses, Passwords]","In June 2014, the Manga trading website <a href=""http://www.mangatraders.com"" target=""_blank"">Mangatraders.com</a> had the usernames and passwords of over 900k users <a href=""http://boards.4chan.org/a/thread/108603065/mangatraders-has-been-hacked-emails-and-passwords"" target=""_blank"">leaked on the internet</a> (approximately 855k of the emails were unique). The passwords were weakly hashed with a single iteration of MD5 leaving them vulnerable to being easily cracked.",mangatraders.com,True,False,False,True,svg,MangaTraders,855249,Manga Traders
50,2016-04-14T23:37:15Z,2016-02-29,"[Astrological signs, Dates of birth, Drinking habits, Drug habits, Education levels, Email addresses, Ethnicities, Fitness levels, Genders, Geographic locations, Income levels, Job titles, Names, Parenting plans, Passwords, Personal descriptions, Physical attributes, Political views, Relationship statuses, Religions, Sexual fetishes, Travel habits, Usernames, Website activity, Work habits]","In February 2016, the dating site <a href=""http://motherboard.vice.com/read/hacker-claims-to-have-sold-27m-dating-site-passwords-mate1-com-hell-forum"" target=""_blank"">mate1.com suffered a huge data breach</a> resulting in the disclosure of over 27 million subscribers' information. The data included deeply personal information about their private lives including drug and alcohol habits, incomes levels and sexual fetishes as well as passwords stored in plain text.",mate1.com,True,False,True,True,svg,Mate1,27393015,Mate1.com
51,2015-06-30T09:19:43Z,2015-05-24,"[Email addresses, IP addresses, Passwords, Usernames]","In May 2015, the <a href=""http://www.databreaches.net/minecraft-pocket-edition-forum-hacked-dumped/"" target=""_blank"">Minecraft Pocket Edition forum was hacked</a> and over 16k accounts were dumped public. Allegedly hacked by <a href=""https://twitter.com/rmsg0d"" target=""_blank"">@rmsg0d</a>, the forum data included numerous personal pieces of data for each user. The forum has subsequently been decommissioned.",minecraftpeforum.net,True,False,False,True,svg,MinecraftPocketEditionForum,16034,Minecraft Pocket Edition Forum
52,2016-03-09T08:18:43Z,2015-06-28,"[Dates of birth, Email addresses, IP addresses, Passwords, Usernames, Website activity]","In June 2015, the French Minecraft server known as <a href=""https://www.minefield.fr"" target=""_blank"">Minefield</a> was hacked and 188k member records were exposed. The IP.Board forum included email and IP addresses, birth dates and passwords stored as salted hashes using a weak implementation enabling many to be rapidly cracked.",minefield.fr,True,False,False,True,png,Minefield,188343,Minefield
53,2015-11-30T09:21:55Z,2009-01-01,"[Dates of birth, Email addresses, Home addresses, IP addresses, Names, Phone numbers]","Sometime in 2009, the e-wallet service known as Money Bookers <a href=""http://www.forbes.com/sites/thomasbrewster/2015/11/30/paysafe-optimal-neteller-moneybookers-gambling-cyberattacks-data-breach/"" target=""_blank"">suffered a data breach which exposed almost 4.5M customers</a>. Now called Skrill, the breach was not discovered until October 2015 and included names, email addresses, home addresses and IP addresses.",moneybookers.com,True,False,False,True,svg,MoneyBookers,4483605,Money Bookers
54,2015-10-26T03:20:20Z,2015-10-22,"[Email addresses, IP addresses, Passwords, Usernames]","In October 2015, the multiplayer game hacking website <a href=""http://www.mpgh.net"">MPGH was hacked</a> and 3.1 million user accounts disclosed. The vBulletin forum breach contained usernames, email addresses, IP addresses and salted hashes of passwords.",mpgh.net,True,False,False,True,png,MPGH,3122898,MPGH
55,2015-05-28T18:09:16Z,2015-05-14,[Device usage tracking data],"In May 2015, the &quot;monitoring&quot; software known as <a href=""http://www.mspy.com"" target=""_blank"">mSpy</a> suffered a <a href=""http://krebsonsecurity.com/2015/05/mobile-spy-software-maker-mspy-hacked-customer-data-leaked/#more-30913"" target=""_blank"">major data breach</a>. The software (allegedly often used to spy on unsuspecting victims), stored extensive personal information within their online service which after being breached, was made freely available on the internet.",mspy.com,True,False,False,True,svg,mSpy,699793,mSpy
56,2014-02-23T03:09:38Z,2014-02-17,"[Age groups, Email addresses, Employers, Home addresses, Names, Passwords, Phone numbers, Website activity]","In February 2014, the UK guide to services and business known as the Muslim Directory was <a href=""http://www.cyberwarnews.info/2014/02/17/muslim-directory-hacked-38903-user-credentials-leaked/"" target=""_blank"">attacked by the hacker known as @th3inf1d3l</a>. The data was consequently dumped publicly and included the web accounts of tens of thousands of users which contained data including their names, home address, age group, email, website activity and password in plain text.",muslimdirectory.co.uk,True,False,False,True,svg,MuslimDirectory,37784,Muslim Directory
57,2015-07-08T08:44:51Z,2015-07-06,"[Email addresses, IP addresses, Passwords, Usernames]","In July 2015, the Cydia repository known as <a href=""https://myrepospace.com/"" target=""_blank"">myRepoSpace</a> was hacked and <a href=""https://www.reddit.com/r/jailbreak/comments/3c9qr1/discussion_myrepospace_user_data_leaked/"" target=""_blank"">user data leaked publicly</a>. Cydia is designed to facilitate the installation of apps on jailbroken iOS devices. The repository service was allegedly hacked by <a href=""https://twitter.com/its_not_herpes"" target=""_blank"">@its_not_herpes</a> and <a href=""https://twitter.com/0x8badfl00d"" target=""_blank"">0x8badfl00d</a> in retaliation for the service refusing to remove pirated tweaks.",myrepospace.com,True,False,False,True,png,myRepoSpace,252751,myRepoSpace
58,2015-10-10T07:06:17Z,2015-08-15,"[Email addresses, Passwords, Usernames]","In August 2015, the social video sharing and bookmarking site <a href=""https://www.reddit.com/r/pwned/comments/3h4tud/myvidstercom_hacked_1_million_member_database/"" target=""_blank"">MyVidster was hacked</a> and nearly 20,000 accounts were dumped online. The dump included usernames, email addresses and hashed passwords.",myvidster.com,True,False,False,True,png,MyVidster,19863,MyVidster
59,2016-04-24T06:14:42Z,2016-03-14,"[Dates of birth, Email addresses, IP addresses, Passwords, Usernames, Website activity]","In March 2016, the adult website <a href=""http://www.forbes.com/sites/thomasbrewster/2016/04/14/naughty-america-fappening-hacked-porn-sites/"" target=""_blank"">Naughty America was hacked and the data consequently sold online</a>. The breach included data from numerous systems with various personal identity attributes, the largest of which had passwords stored as easily crackable MD5 hashes. There were 1.4 million unique email addresses in the breach.",naughtyamerica.com,True,False,True,True,png,NaughtyAmerica,1398630,Naughty America
60,2015-11-30T10:26:47Z,2010-05-17,"[Account balances, Dates of birth, Email addresses, Genders, Home addresses, IP addresses, Names, Phone numbers, Security questions and answers, Website activity]","In May 2010, the e-wallet service known as Neteller <a href=""http://www.forbes.com/sites/thomasbrewster/2015/11/30/paysafe-optimal-neteller-moneybookers-gambling-cyberattacks-data-breach/"" target=""_blank"">suffered a data breach which exposed over 3.6M customers</a>. The breach was not discovered until October 2015 and included names, email addresses, home addresses and account balances.",neteller.com,True,False,False,True,svg,Neteller,3619948,Neteller
61,2015-06-05T04:12:29Z,2014-04-22,"[Email addresses, IP addresses, Passwords, Usernames]","Early in 2014, the video game website <a href=""http://www.nextgenupdate.com"" target=""_blank"">NextGenUpdate</a> reportedly <a href=""https://leakforums.org/thread-265363"" target=""_blank"">suffered a data breach</a> that disclosed almost 1.2 million accounts. Amongst the data breach was usernames, email addresses, IP addresses and salted and hashed passwords.",nextgenupdate.com,True,False,False,True,svg,NextGenUpdate,1194597,NextGenUpdate
62,2016-01-17T17:18:47Z,2013-07-22,"[Email addresses, Passwords, Usernames]","In December 2015, the game modding site Nexus Mods <a href=""http://www.nexusmods.com/games/news/12670/"" target=""_blank"">released a statement notifying users that they had been hacked</a>. They subsequently dated the hack as having occurred in July 2013 although there is evidence to suggest the data was being traded months in advance of that. The breach contained usernames, email addresses and passwords stored as a salted hashes.",nexusmods.com,True,False,False,True,png,NexusMods,5915013,Nexus Mods
63,2016-03-03T00:32:49Z,2016-02-29,"[Avatars, Dates of birth, Email addresses, Genders, Names, Spoken languages, Usernames, Website activity]","In February 2016, the Russian gaming company <a href=""http://nival.com"" target=""_blank"">Nival</a> was the target of an attack which was consequently <a href=""https://www.reddit.com/r/pwned/comments/47u1bf/operation_wrath_of_anakin_evolved"" target=""_blank"">detailed on Reddit</a>. Allegedly protesting &quot;the foreign policy of Russia in regards to Ukraine&quot;, Nival was one of several Russian sites in the breach and impacted over 1.5M accounts including sensitive personal information.",nival.com,True,False,False,True,svg,Nival,1535473,Nival
64,2016-05-09T11:28:01Z,2016-05-06,"[Dates of birth, Email addresses, IP addresses, Passwords, Private messages, Usernames, Website activity]","In May 2016, the cracking community forum known as <a href=""http://nulled.cr/"" target=""_blank"">Nulled</a> was hacked and 599k user accounts were leaked publicly. The compromised data included email and IP addresses, weak salted MD5 password hashes and hundreds of thousands of private messages between members.",nulled.cr,True,False,False,True,svg,Nulled,599080,Nulled
65,2016-02-06T02:53:13Z,2013-08-01,"[Email addresses, IP addresses, Passwords, Usernames]","In approximately August 2013, the World of Warcraft exploits forum known as <a href=""http://www.ownedcore.com"" target=""_blank"">OwnedCore</a> was hacked and more than 880k accounts were exposed. The vBulletin forum included IP addresses and passwords stored as salted hashes using a weak implementation enabling many to be rapidly cracked.",OwnedCore.com,True,False,False,True,png,OwnedCore,880331,OwnedCore
66,2015-10-11T01:26:05Z,2010-10-25,"[Account balances, Dates of birth, Email addresses, Home addresses, IP addresses, Names, Phone numbers, Security questions and answers, Usernames, Website activity]","In October 2010, the Irish bookmaker <a href=""http://www.telegraph.co.uk/technology/internet-security/11005558/Irish-government-disappointed-over-Paddy-Power-hack.html"" target=""_blank"">Paddy Power suffered a data breach</a> that exposed 750,000 customer records with nearly 600,000 unique email addresses. The breach was not disclosed until July 2014 and contained extensive personal information including names, addresses, phone numbers and plain text security questions and answers.",paddypower.com,True,False,False,True,svg,PaddyPower,590954,Paddy Power
67,2015-10-02T02:29:20Z,2015-10-01,"[Email addresses, Payment histories, Private messages, Website activity]","In October 2015, the crowdfunding site <a href=""https://www.patreon.com/posts/3457485"" target=""_blank"">Patreon was hacked</a> and over 16GB of data was released publicly. The dump included almost 14GB of database records with more than 2.3M unique email addresses and millions of personal messages.",patreon.com,True,False,False,True,svg,Patreon,2330382,Patreon
68,2015-10-30T14:19:52Z,2015-10-27,"[Dates of birth, Email addresses, IP addresses, Passwords, Usernames, Website activity]","In October 2015, the PHP discussion board <a href=""http://forums.phpfreaks.com/topic/298874-alert-the-phpfreaks-forum-members-data-appears-to-have-been-stolen"" target=""_blank"">PHP Freaks was hacked</a> and 173k user accounts were publicly leaked. The breach included multiple personal data attributes as well as salted and hashed passwords.",phpfreaks.com,True,False,False,True,png,PHPFreaks,173891,PHP Freaks
69,2013-12-06T00:00:00Z,2013-12-04,"[Email addresses, Passwords]","In December 2013, a <a href=""http://www.cyberwarnews.info/2013/12/04/pixel-federation-hacked-38000-user-credentials-leaked"" target=""_blank"">breach of the web-based game community based in Slovakia</a> exposed over 38,000 accounts which  were promptly posted online. The breach included email addresses and unsalted MD5 hashed passwords, many of which were easily converted back to plain text.",pixelfederation.com,True,False,False,True,svg,PixelFederation,38108,Pixel Federation
70,2016-02-08T01:35:48Z,2015-07-02,"[Email addresses, IP addresses, Passwords, Usernames]","In July 2015, the discusison forum for Plex media centre <a href=""https://blog.plex.tv/2015/07/02/security-notice-forum-user-password-resets"" target=""_blank"">was hacked and over 327k accounts exposed</a>. The IP.Board forum included IP addresses and passwords stored as salted hashes using a weak implementation enabling many to be rapidly cracked.",plex.tv,True,False,False,True,svg,Plex,327314,Plex
71,2014-08-10T00:03:59Z,2014-08-08,"[Email addresses, Genders, IP addresses, Passwords, Usernames, Website activity]","In August 2014, the Pokemon RPG website <a href=""http://pokemoncreed.net"" target=""_blank"">Pokemon Creed</a> was hacked after a dispute with rival site, <a href=""http://pkmndusk.in"" target=""_blank"">Pokemon Dusk</a>. In a <a href=""https://www.facebook.com/ramandeep.s.dehal/posts/749666358442465"" target=""_blank"">post on Facebook</a>, &quot;Cruz Dusk&quot; announced the hack then pasted the dumped MySQL database on <a href=""http://pkmndusk.in"" target=""_blank"">pkmndusk.in</a>. The breached data included over 116k usernames, email addresses and plain text passwords.",pokemoncreed.net,True,False,False,True,svg,PokemonCreed,116465,Pokemon Creed
72,2016-02-07T04:44:49Z,2015-07-01,"[Email addresses, IP addresses, Passwords, Usernames]","In approximately July 2015, the Sony Playstation hacks and mods forum known as <a href=""http://www.ps3hax.net"" target=""_blank"">PS3Hax</a> was hacked and more than 447k accounts were exposed. The vBulletin forum included IP addresses and passwords stored as salted hashes using a weak implementation enabling many to be rapidly cracked.",ps3hax.net,True,False,False,True,png,PS3Hax,447410,PS3Hax
73,2016-02-07T03:46:46Z,2015-02-01,"[Email addresses, IP addresses, Passwords, Usernames]","In approximately February 2015, the Sony Playstation forum known as <a href=""http://psx-scene.com"" target=""_blank"">PSX-Scene</a> was hacked and more than 340k accounts were exposed. The vBulletin forum included IP addresses and passwords stored as salted hashes using a weak implementation enabling many to be rapidly cracked.",psx-scene.com,True,False,False,True,png,PSX-Scene,341118,PSX-Scene
74,2016-05-01T01:06:35Z,2015-07-01,"[Bank account numbers, Banking PINs, Customer feedback, Dates of birth, Financial transactions, Genders, Geographic locations, Government issued IDs, Home addresses, IP addresses, Marital statuses, Names, Passwords, Phone numbers, Security questions and answers, Spoken languages]","In July 2015, the Qatar National Bank <a href=""http://www.theregister.co.uk/2016/04/25/breaking_qatar_bank_hack/"" target=""_blank"">suffered a data breach</a> which exposed 15k documents totalling 1.4GB and detailing more than 100k accounts with passwords and PINs. The incident was made public some 9 months later in April 2016 when the documents appeared publicly on a file sharing site. Analysis of the breached data suggests <a href=""http://blog.trendmicro.co.uk/qatar-bank-breach-lifts-the-veil-on-targeted-attack-strategies/#more-520"" target=""_blank"">the attack began by exploiting a SQL injection flaw</a> in the bank's website.",qnb.com,True,False,False,True,svg,QatarNationalBank,88678,Qatar National Bank
75,2015-04-04T06:40:05Z,2014-03-18,"[Email addresses, IP addresses, Passwords, Private messages, Usernames, Website activity]","In March 2014, the <a href=""http://www.webopedia.com/TERM/B/booter_services.html"">booter service</a> Quantum Booter (also referred to as Quantum Stresser) suffered a breach which lead to the disclosure of their internal database. The leaked data included private discussions relating to malicious activity Quantum Booter users were performing against online adversaries, including the IP addresses of those using the service to mount DDoS attacks.",quantumbooter.net,True,False,False,True,png,QuantumBooter,48592,Quantum Booter
76,2016-02-09T12:20:35Z,2015-11-01,"[Email addresses, IP addresses, Passwords, Usernames]","In late 2015, the gaming website <a href=""https://www.r2games.com"" target=""_blank"">R2Games</a> was hacked and more than 2.1M personal records disclosed. The vBulletin forum included IP addresses and passwords stored as salted hashes using a weak implementation enabling many to be rapidly cracked. A further 11M accounts were added to ""Have I been pwned"" in March 2016 bringing the total to over 13M.",r2games.com,True,False,False,True,svg,R2Games,13186088,R2Games
77,2016-05-10T07:37:46Z,2016-05-09,"[Email addresses, IP addresses, Passwords, Usernames]","Some time prior to May 2016, <a href=""https://motherboard.vice.com/read/rosebuttboard-ip-board"" target=""_blank"">the forum known as &quot;Rosebutt Board&quot; was hacked</a> and 107k accounts were exposed. The self-described &quot;top one board for anal fisting, prolapse, huge insertions and rosebutt fans&quot; had email and IP addresses, usernames and weakly stored salted MD5 password hashes hacked from the IP.Board based forum.",rosebuttboard.com,True,False,True,True,svg,RosebuttBoard,107303,Rosebutt Board
78,2016-03-09T02:49:28Z,2015-07-12,"[Email addresses, Passwords, Usernames]","In July 2015, the torrent site Seedpeer was hacked and 282k member records were exposed. The data included usernames, email addresses and passwords stored as weak MD5 hashes.",seedpeer.eu,True,False,False,True,png,Seedpeer,281924,Seedpeer
79,2016-02-23T03:30:49Z,2016-02-19,"[Email addresses, Passwords, Usernames]","In February 2016, the Slovak torrent tracking site SkTorrent <a href=""http://tech.sme.sk/c/20099331/hackeri-ukradli-na-slovensku-118-tisic-identit.html"" target=""_blank"">was hacked and over 117k records leaked online</a>. The data dump included usernames, email addresses and passwords stored in plain text.",sktorrent.eu,True,False,False,True,svg,SkTorrent,117070,SkTorrent
80,2014-01-02T00:00:00Z,2014-01-01,"[Phone numbers, Usernames]","In January 2014 just one week after <a href=""http://gibsonsec.org/snapchat/fulldisclosure/"" target=""_blank"">Gibson Security detailed vulnerabilities in the service</a>, Snapchat had 4.6 million usernames and phone number exposed. The attack involved <a href=""http://www.troyhunt.com/2014/01/searching-snapchat-data-breach-with.html"" target=""_blank"">brute force enumeration of a large number of phone numbers</a> against the Snapchat API in what appears to be a response to Snapchat's assertion that such an attack was &quot;theoretical&quot;. Consequently, the breach enabled individual usernames (which are often used across other services) to be resolved to phone numbers which users usually wish to keep private.",snapchat.com,True,False,False,True,svg,Snapchat,4609615,Snapchat
81,2013-12-04T00:00:00Z,2011-06-02,"[Dates of birth, Email addresses, Genders, Home addresses, Names, Passwords, Phone numbers, Usernames]","In 2011, Sony suffered breach after breach after breach &mdash; it was a <em>very</em> bad year for them. The breaches spanned various areas of the business ranging from the PlayStation network all the way through to the motion picture arm, Sony Pictures. A SQL Injection vulnerability in <a href=""http://www.sonypictures.com"" target=""_blank"">sonypictures.com</a> lead to <a href=""http://www.troyhunt.com/2011/06/brief-sony-password-analysis.html"" target=""_blank"">tens of thousands of accounts across multiple systems being exposed</a> complete with plain text passwords.",sony.com,True,False,False,True,svg,Sony,37103,Sony
82,2014-02-22T20:47:56Z,2014-02-22,"[Email addresses, Employers, Home addresses, Job titles, Names, Phone numbers]","In February 2014, Connecticut based Spirol Fastening Solutions <a href=""http://news.softpedia.com/news/Details-of-70-000-Users-Leaked-by-Hackers-From-Systems-of-SPIROL-International-428669.shtml"" target=""_blank"">suffered a data breach that exposed over 70,000 customer records</a>. The attack was allegedly mounted by exploiting a SQL injection vulnerability which yielded data from Spirol’s CRM system ranging from customers’ names, companies, contact information and over 55,000 unique email addresses.",spirol.com,True,False,False,True,svg,Spirol,55622,Spirol
83,2015-04-11T06:35:46Z,2015-02-26,"[Customer interactions, Dates of birth, Email addresses, Genders, IP addresses, MAC addresses, Names, Passport numbers, Passwords, Phone numbers]","In February 2015, the Moldavian ISP &quot;StarNet&quot; <a href=""http://www.moldova.org/the-database-of-an-internet-provider-from-moldova-was-stolen-and-published/"" target=""_blank"">had it's database published online</a>. The dump included nearly 140k email addresses, many with personal details including contact information, usage patterns of the ISP and even passport numbers.",starnet.md,True,False,False,True,svg,StarNet,139395,StarNet
84,2013-12-04T00:00:00Z,2011-12-24,"[Credit cards, Email addresses, Home addresses, Names, Passwords, Phone numbers, Usernames]","In December 2011, &quot;Anonymous&quot; <a href=""http://www.troyhunt.com/2011/12/5-website-security-lessons-courtesy-of.html"" target=""_blank"">attacked the global intelligence company known as &quot;Stratfor&quot;</a> and consequently disclosed a veritable treasure trove of data including hundreds of gigabytes of email and tens of thousands of credit card details which were promptly used by the attackers to make charitable donations (among other uses). The breach also included 860,000 user accounts complete with email address, time zone, some internal system data and MD5 hashed passwords with no salt.",stratfor.com,True,False,False,True,svg,Stratfor,859777,Stratfor
85,2016-03-09T01:23:23Z,2014-06-21,"[Email addresses, IP addresses, Passwords, Usernames, Website activity]","In June 2014, the torrent site Sumo Torrent was hacked and 285k member records were exposed. The data included IP addresses, email addresses and passwords stored as weak MD5 hashes.",sumotorrent.sx,True,False,False,True,png,SumoTorrent,285191,Sumo Torrent
86,2016-03-09T13:04:08Z,2014-12-22,"[Email addresses, IP addresses, Passwords, Usernames]","In December 2014, the electronic sports organisation known as <a href=""http://www.dailydot.com/esports/null-consolidated-team-solomid-hack/"" target=""_blank"">Team SoloMid was hacked</a> and 442k members accounts were leaked. The accounts included email and IP addresses, usernames and salted hashes of passwords.",solomid.net,True,False,False,True,svg,Solomid,442166,Team SoloMid
87,2015-04-27T11:21:59Z,2015-04-27,"[Email addresses, Email messages]","In April 2015, the Telecom Regulatory Authority of India (TRAI) <a href=""http://www.dnaindia.com/scitech/report-email-savetheinternet-net-neutrality-campaign-public-privacy-spam-phishing-2081037"" target=""_blank"">published tens of thousand of emails</a> sent by Indian citizens supporting net neutrality as part of the SaveTheInternet campaign. The published data included lists of emails including the sender's name and email address as well as the contents of the email as well, often with signatures including other personal data.",trai.gov.in,True,False,False,True,svg,TRAI,107776,Telecom Regulatory Authority of India
88,2014-02-13T21:19:24Z,2014-02-12,"[Email addresses, Passwords, Reward program balances]","In February 2014, <a href=""http://www.bbc.co.uk/news/technology-26171130"" target=""_blank"">over 2,000 Tesco accounts with usernames, passwords and loyalty card balances appeared on Pastebin</a>. Whilst the source of the breach is not clear, many confirmed the credentials were valid for Tesco and indeed <a href=""http://www.troyhunt.com/2012/07/lessons-in-website-security-anti.html"" target=""_blank""> they have a history of poor online security</a>.",tesco.com,True,False,False,True,svg,Tesco,2239,Tesco
89,2016-04-13T01:08:20Z,2015-12-01,"[Email addresses, Passwords, Usernames]","In December 2015, the forum for discussing naked cebrity photos known as &quot;The Fappening&quot; (named after the iCloud leaks of 2014) was compromised and 179k accounts were leaked. Exposed member data included usernames, email addresses and salted hashes of passwords.",thefappening.so,True,False,True,True,svg,TheFappening,179030,The Fappening
90,2015-03-28T05:35:28Z,2014-01-01,"[Email addresses, IP addresses, Passwords, Usernames]","In 2014, the ThisHabbo forum (a fan site for Habbo.com, a Finnish social networking site) <a href=""https://www.google.com/search?q=""thishabbo_forum.txt"" target=""_blank"">appeared among a list of compromised sites</a> which has subsequently been removed from the internet. Whilst the actual date of the exploit is not clear, the breached data includes usernames, email addresses, IP addresses and salted hashes of passwords.",thishabboforum.com,True,False,False,True,svg,ThisHabboForum,27978,ThisHabbo Forum
91,2016-04-24T21:27:05Z,2016-02-25,"[Email addresses, Passwords, Usernames]","In February 2016, the online trucking simulator mod <a href=""http://truckersmp.com/en_US/blog/8"" target=""_blank"">TruckersMP suffered a data breach</a> which exposed 84k user accounts. In a first for ""Have I been pwned"", <a href=""https://www.troyhunt.com/100-data-breaches-later-have-i-been-pwned-gets-its-first-self-submission/"" target=""_blank"">the breached data was self-submitted directly by the organisation that was breached itself</a>.",truckersmp.com,True,False,False,True,png,TruckersMP,83957,TruckersMP
92,2014-02-23T04:32:08Z,2014-02-20,"[Email addresses, Names, Passwords, Usernames]","In February 2014, the Internet Governance Forum (formed by the United Nations for policy dialogue on issues of internet governance) was <a href=""http://www.cyberwarnews.info/2014/02/20/united-nations-internet-governance-forum-hacked-3215-accounts-leaked/"" target=""_blank"">attacked by hacker collective known as Deletesec</a>. Although tasked with &quot;ensuring the security and stability of the Internet&quot;, the IGF’s website was still breached and resulted in the leak of 3,200 email addresses, names, usernames and cryptographically stored passwords.",intgovforum.org,True,False,False,True,svg,IGF,3200,UN Internet Governance Forum
93,2016-01-24T13:15:11Z,2015-11-03,"[Dates of birth, Email addresses, Homepage URLs, Instant messenger identities, IP addresses, Passwords, Security questions and answers, Spoken languages, Website activity]","In November 2015, the forum software maker <a href=""http://www.theregister.co.uk/2015/11/03/vbulletin_forum_software_hacked_defaced/"" target=""_blank"">vBulletin suffered a serious data breach</a>. The attack lead to the release of both forum user and customer accounts totalling almost 519k records. The breach included email addresses, birth dates, security questions and answers for customers and salted hashes of passwords for both sources.",vbulletin.com,True,False,False,True,svg,VBulletin,518966,vBulletin
94,2014-07-06T04:16:37Z,2014-01-10,"[Email addresses, Historical passwords, IP addresses, Passwords, Private messages, Usernames, Website activity]","In January 2014, <a href=""http://securityaffairs.co/wordpress/21120/cyber-crime/verified-communities-hacked.html"" target=""_blank"">one of the largest communities of Eastern Europe cybercriminals known as ""Verified"" was hacked</a>. The breach exposed nearly 17k users of the vBulletin forum including their personal messages and other potentially personally identifiable information.",verified.cm,True,False,False,True,svg,Verified,16919,Verified
95,2013-11-30T00:00:00Z,2013-12-12,"[Credit cards, Email addresses, Government issued IDs, Home addresses, IP addresses, Names, Passwords, Phone numbers, Purchases, SMS messages, Usernames]","In November 2013, <a href=""http://thehackernews.com/2013/11/vodafone-iceland-hacked-and-exposed.html"" target=""_blank"">Vodafone in Iceland suffered an attack</a> attributed to the Turkish hacker collective &quot;Maxn3y&quot;. The data was consequently publicly exposed and included user names, email addresses, social security numbers, SMS message, server logs and passwords from a variety of different internal sources.",vodafone.is,True,False,False,True,svg,Vodafone,56021,Vodafone
96,2015-11-25T07:00:57Z,2015-11-13,"[Dates of birth, Email addresses, Family members' names, Genders, Home addresses, IP addresses, Names, Passwords, Security questions and answers, Usernames, Website activity]","In November 2015, <a href=""http://www.troyhunt.com/2015/11/when-children-are-breached-inside.html"" target=""_blank"">hackers extracted more than 4.8 million parents' and 227k children's accounts from VTech's Learning Lodge website</a>. The Hong Kong company produces learning products for children including software sold via the compromised website. The data breach exposed extensive personal details including home addresses, security questions and answers and passwords stored as weak MD5 hashes. Furthermore, children's details including names, ages, genders and associations to their parents' records were also exposed.",vtechda.com,True,True,False,True,svg,VTech,4833678,VTech
97,2016-03-06T21:41:16Z,2015-07-11,"[Dates of birth, Email addresses, IP addresses, Passwords, Usernames]","In July 2015, the IP.Board forum for the gaming website <a href=""http://www.wildstar-online.com"" target=""_blank"">WildStar</a> suffered a data breach that exposed over 738k forum members' accounts. The data was being actively traded on underground forums and included email addresses, birth dates and passwords.",wildstar-online.com,True,False,False,True,png,WildStar,738556,WildStar
98,2014-06-01T10:01:32Z,2013-09-03,"[Email addresses, Instant messenger identities, IP addresses, Names, Passwords, Private messages, Usernames, Website activity]","In September 2013, the <a href=""http://www.win7vista.com"" target=""_blank"">Win7Vista</a> Windows forum (since renamed to the ""Beyond Windows 9"" forum) was hacked and later <a href=""http://leak.sx/thread-186933"" target=""_blank"">had its internal database dumped</a>. The dump included over 200k members’ personal information and other internal data extracted from the forum.",win7vista.com,True,False,False,True,svg,Win7Vista,202683,Win7Vista Forum
99,2014-02-01T02:57:21Z,2014-01-04,"[Email addresses, Passwords]","In January 2014, the <a href=""http://www.wptapl.com"" target=""_blank"">World Poker Tour (WPT) Amateur Poker League website</a> was hacked by the Twitter user @smitt3nz. The attack resulted in the public disclosure of 175,000 accounts including 148,000 email addresses. The plain text password for each account was also included in the breach.",wptapl.com,True,False,False,True,svg,WPT,148366,WPT Amateur Poker League
100,2016-02-07T20:26:56Z,2015-02-01,"[Email addresses, IP addresses, Passwords, Usernames]","In approximately February 2015, the Xbox forum known as <a href=""http://xboxscene.com/"" target=""_blank"">Xbox-Scene</a> was hacked and more than 432k accounts were exposed. The IP.Board forum included IP addresses and passwords stored as salted hashes using a weak implementation enabling many to be rapidly cracked.",xboxscene.com,True,False,False,True,png,Xbox-Scene,432552,Xbox-Scene
101,2015-08-08T04:28:48Z,2013-11-07,"[Email addresses, Names, Passwords, Usernames]","In November 2013, the makers of gaming live streaming and recoding software <a href=""https://www.xsplit.com/blog/xsplit-password-reset-alert"" target=""_blank"">XSplit was compromised in an online attack</a>. The data breach leaked almost 3M names, email addresses, usernames and hashed passwords.",xsplit.com,True,False,False,True,png,XSplit,2983472,XSplit
102,2013-12-04T00:00:00Z,2012-07-11,"[Email addresses, Passwords]","In July 2012, Yahoo! had their online publishing service &quot;Voices&quot; compromised via a SQL injection attack. The breach resulted in the disclosure of nearly half a million usernames and passwords stored in plain text. The breach showed that of the compromised accounts, a staggering <a href=""http://www.troyhunt.com/2012/07/what-do-sony-and-yahoo-have-in-common.html"" target=""_blank"">59% of people who also had accounts in the Sony breached reused their passwords across both services</a>.",yahoo.com,True,False,False,True,svg,Yahoo,453427,Yahoo
103,2014-09-12T04:50:32Z,2014-09-07,"[Email addresses, Passwords]","In September 2014, <a href=""http://habrahabr.ru/post/235949/"" target=""_blank"">news broke of a massive leak of accounts from Yandex</a>, the Russian search engine giants who also provides email services. The purported million &quot;breached&quot; accounts were disclosed at the same time as nearly 5M mail.ru accounts with <a href=""http://globalvoicesonline.org/2014/09/10/russia-email-yandex-mailru-passwords-hacking/"" target=""_blank"">both companies claiming the credentials were acquired via phishing scams</a> rather than being obtained as a result of direct attacks against their services.",forum.btcsec.com,True,False,False,True,svg,Yandex,1186564,Yandex Dump
104,2015-07-30T05:32:00Z,2012-02-21,"[Email addresses, Passwords]","In February 2012, the adult website YouPorn <a href=""http://www.huffingtonpost.com/2012/02/22/youporn-hacked-email-addresses-passwords_n_1294502.html"" target=""_blank"">had over 1.3M user accounts exposed in a data breach</a>. The publicly released data included both email addresses and plain text passwords. Credit to <a href=""http://squeal.net/"" target=""_blank"">squeal.net</a> for providing the data breach.",youporn.com,True,False,True,True,png,YouPorn,1327567,YouPorn
105,2015-05-12T23:50:08Z,2015-05-11,"[Dates of birth, Email addresses, Genders, Geographic locations, IP addresses, Passwords, Spoken languages]","In May 2015, <a href=""http://sprashivai.ru/"" target=""_blank"">Спрашивай.ру</a> (a the Russian website for anonymous reviews) was <a href=""http://tjournal.ru/p/sprashivairu-passwords-leak"" target=""_blank"">reported to have had 6.7 million user details exposed</a> by a hacker known as &quot;w0rm&quot;. Intended to be a site for expressing anonymous opinions, the leaked data included email addresses, birth dates and other personally identifiable data about almost 3.5 million unique email addresses found in the leak.",sprashivai.ru,True,False,False,True,png,SprashivaiRu,3474763,Спрашивай.ру
